{
  "format": "graph-model",
  "generatedBy": "2.9.0",
  "convertedBy": "TensorFlow.js Converter v3.18.0",
  "modelTopology": {
    "node": [
      {
        "name": "serving_default_images:0",
        "op": "Placeholder",
        "attr": {
          "dtype": {
            "type": "DT_FLOAT"
          },
          "shape": {
            "shape": {
              "dim": [
                {
                  "size": "-1"
                },
                {
                  "size": "640"
                },
                {
                  "size": "640"
                },
                {
                  "size": "3"
                }
              ]
            }
          }
        }
      },
      {
        "name": "StatefulPartitionedCall/model/conv/Conv2D",
        "op": "Conv2D",
        "input": ["serving_default_images:0", "StatefulPartitionedCall/model/conv/Conv2D/ReadVariableOp"],
        "device": "/device:CPU:0",
        "attr": {
          "dilations": {
            "list": {
              "i": ["1", "1", "1", "1"]
            }
          },
          "T": {
            "type": "DT_FLOAT"
          },
          "data_format": {
            "s": "TkhXQw=="
          },
          "strides": {
            "list": {
              "i": ["1", "2", "2", "1"]
            }
          },
          "use_cudnn_on_gpu": {
            "b": true
          },
          "explicit_paddings": {
            "list": {}
          },
          "padding": {
            "s": "U0FNRQ=="
          }
        }
      }
    ],
    "library": {},
    "versions": {}
  },
  "weightsManifest": [
    {
      "paths": ["group1-shard1of1.bin"],
      "weights": [
        {
          "name": "StatefulPartitionedCall/model/conv/Conv2D/ReadVariableOp",
          "shape": [3, 3, 3, 16],
          "dtype": "float32"
        }
      ]
    }
  ]
}
